{"Quinny":{"class": {"0":1, "1":2}, "vectors": [[17.25160551071167, 566.9037582576018, 0.1049926413430108, 0.10880673464535146, 0.12769039745988517, 0.09373716513315837, 0.06477117538452148, 0.07985398701989395, 0.1875872015953064, 0.05464279651641846, 0.07985398701989395, 0.07985398701989395, 0.07985398701989395, 0.07985398701989395, 0.044270992279052734, 0.07985398701989395, 0.1003713984238474, 0.05209652582804362, 0.07424330711364746, 0.07985398701989395, 0.09378194808959961, 0.0469205379486084, 0.5333333333333333, 0.3333333333333333, 0.13333333333333333, 0.018404907975460124, 0.0, 1.0, 0.0, 1.0],[19.237038135528564, 352.44510886933944, 0.09147153581891741, 0.07904195104326521, 0.085353422164917, 0.060300895145961216, 0.14073467254638672, 0.08533186464713365, 0.08037825993129186, 0.09764593839645386, 0.08533186464713365, 0.08533186464713365, 0.08533186464713365, 0.08533186464713365, 0.15186187199183873, 0.08533186464713365, 0.05001220703125, 0.06242191791534424, 0.020892540613810223, 0.08533186464713365, 0.11716198921203613, 0.046877384185791016, 0.0, 1.0, 0.0, 0.008849557522123894, 0.0, 1.0, 0.0, 0.0],[6.313262224197388, 636.75479605333, 0.07112415631612141, 0.0794635083940294, 0.05557870864868164, 0.11168766021728516, 0.1145789623260498, 0.13920011123021445, 0.04694396257400513, 0.09384214878082275, 0.13920011123021445, 0.13920011123021445, 0.13920011123021445, 0.13920011123021445, 0.052119811375935875, 0.13920011123021445, 0.06250588099161784, 0.10933232307434082, 0.02335357666015625, 0.13920011123021445, 0.41419780254364014, 0.33592653274536133, 0, 0, 0, 0.014925373134328358, 0.0, 1.0, 0.0, 0.0]]}}